{"products": ["Milk 0,5", "Milk 1,5", "Milk 1,5 bio", "Milk 3,5", "Milk 3,5 bio", "Soy milk", "Yoghurt 0,1", "Yoghurt 1,5", "Yoghurt 1,5 bio", "Yoghurt 3,5"], "list_price": [1.0566666666666666, 1.0373333333333334, 1.6093333333333333, 1.1933333333333331, 1.7126666666666668, 2.0646666666666667, 1.0273333333333334, 1.0273333333333334, 1.55, 1.4013333333333333], "production_cost": [0.7986666666666667, 0.7573333333333333, 1.3960000000000001, 0.8453333333333333, 1.5026666666666666, 1.6473333333333333, 0.8, 0.7893333333333333, 1.29, 0.9793333333333333]}